{"stats":{"minecraft:killed":{"minecraft:chicken":1},"minecraft:dropped":{"minecraft:feather":1,"minecraft:wheat_seeds":1},"minecraft:picked_up":{"minecraft:feather":1,"minecraft:oak_log":2,"minecraft:chicken":1,"minecraft:wheat_seeds":1},"minecraft:mined":{"minecraft:short_grass":1,"minecraft:oak_log":2,"minecraft:oak_leaves":1},"minecraft:custom":{"minecraft:jump":32,"minecraft:time_since_rest":1278,"minecraft:leave_game":1,"minecraft:damage_taken":50,"minecraft:damage_dealt":40,"minecraft:sprint_one_cm":6652,"minecraft:play_time":1278,"minecraft:time_since_death":1278,"minecraft:walk_one_cm":3480,"minecraft:total_world_time":1278,"minecraft:mob_kills":1,"minecraft:drop":2,"minecraft:fall_one_cm":1170,"minecraft:fly_one_cm":4434}},"DataVersion":3839}