{"stats":{"minecraft:picked_up":{"minecraft:stick":2,"minecraft:feather":2,"minecraft:chicken":2,"minecraft:wheat_seeds":1,"minecraft:oak_log":11,"minecraft:dirt":8,"minecraft:cobblestone":23,"minecraft:crafting_table":1},"minecraft:used":{"minecraft:stone_axe":1,"minecraft:stone_sword":2,"minecraft:dirt":8,"minecraft:cobblestone":1,"minecraft:crafting_table":1,"minecraft:wooden_pickaxe":23},"minecraft:killed":{"minecraft:chicken":2},"minecraft:mined":{"minecraft:short_grass":1,"minecraft:grass_block":2,"minecraft:oak_log":11,"minecraft:dirt":6,"minecraft:stone":23,"minecraft:crafting_table":1,"minecraft:oak_leaves":1},"minecraft:dropped":{"minecraft:feather":2,"minecraft:wheat_seeds":1},"minecraft:custom":{"minecraft:time_since_rest":6392,"minecraft:sprint_one_cm":19424,"minecraft:play_time":6392,"minecraft:damage_taken":50,"minecraft:walk_one_cm":9078,"minecraft:sneak_time":13,"minecraft:mob_kills":2,"minecraft:drop":3,"minecraft:jump":106,"minecraft:damage_dealt":80,"minecraft:leave_game":2,"minecraft:time_since_death":6392,"minecraft:total_world_time":6392,"minecraft:interact_with_crafting_table":2,"minecraft:fall_one_cm":4156,"minecraft:fly_one_cm":17261},"minecraft:crafted":{"minecraft:stone_sword":1,"minecraft:furnace":1,"minecraft:oak_planks":32,"minecraft:stone_axe":1,"minecraft:crafting_table":1,"minecraft:stick":8,"minecraft:stone_pickaxe":1,"minecraft:wooden_pickaxe":1}},"DataVersion":3839}